window,start_sec,end_sec,prediction,label,confidence,tcd_score,overall_verdict,tampered_ratio,avg_confidence
0,0.0,0.27,1,TAMPERED,99.63,0.0,TAMPERED,99.45,98.43
1,0.27,0.53,1,TAMPERED,100.0,1484046.125,TAMPERED,99.45,98.43
2,0.53,0.8,1,TAMPERED,98.08,1646214.125,TAMPERED,99.45,98.43
3,0.8,1.07,1,TAMPERED,100.0,1947408.75,TAMPERED,99.45,98.43
4,1.07,1.33,1,TAMPERED,100.0,2129261.0,TAMPERED,99.45,98.43
5,1.33,1.6,1,TAMPERED,100.0,1880048.75,TAMPERED,99.45,98.43
6,1.6,1.87,1,TAMPERED,95.57,1777805.5,TAMPERED,99.45,98.43
7,1.87,2.13,1,TAMPERED,100.0,1642038.875,TAMPERED,99.45,98.43
8,2.13,2.4,1,TAMPERED,95.57,1801563.125,TAMPERED,99.45,98.43
9,2.4,2.67,1,TAMPERED,96.09,1941572.875,TAMPERED,99.45,98.43
10,2.67,2.93,1,TAMPERED,100.0,2047993.0,TAMPERED,99.45,98.43
11,2.93,3.2,1,TAMPERED,100.0,1847199.875,TAMPERED,99.45,98.43
12,3.2,3.47,1,TAMPERED,98.42,2078662.375,TAMPERED,99.45,98.43
13,3.47,3.73,1,TAMPERED,100.0,2122988.25,TAMPERED,99.45,98.43
14,3.73,4.0,1,TAMPERED,100.0,2669192.5,TAMPERED,99.45,98.43
15,4.0,4.27,1,TAMPERED,95.53,686585.1875,TAMPERED,99.45,98.43
16,4.27,4.53,1,TAMPERED,99.73,654.3224487304688,TAMPERED,99.45,98.43
17,4.53,4.8,1,TAMPERED,95.57,46.2470817565918,TAMPERED,99.45,98.43
18,4.8,5.07,1,TAMPERED,100.0,1.685130000114441,TAMPERED,99.45,98.43
19,5.07,5.33,1,TAMPERED,100.0,0.5297200083732605,TAMPERED,99.45,98.43
20,5.33,5.6,1,TAMPERED,100.0,3.3099300861358643,TAMPERED,99.45,98.43
21,5.6,5.87,1,TAMPERED,99.56,1.8643300533294678,TAMPERED,99.45,98.43
22,5.87,6.13,1,TAMPERED,100.0,2.291260004043579,TAMPERED,99.45,98.43
23,6.13,6.4,1,TAMPERED,100.0,1.2739800214767456,TAMPERED,99.45,98.43
24,6.4,6.67,1,TAMPERED,100.0,0.6541000008583069,TAMPERED,99.45,98.43
25,6.67,6.93,1,TAMPERED,98.72,0.38762998580932617,TAMPERED,99.45,98.43
26,6.93,7.2,1,TAMPERED,99.6,0.31266000866889954,TAMPERED,99.45,98.43
27,7.2,7.47,1,TAMPERED,100.0,0.3261899948120117,TAMPERED,99.45,98.43
28,7.47,7.73,1,TAMPERED,100.0,0.3093999922275543,TAMPERED,99.45,98.43
29,7.73,8.0,1,TAMPERED,100.0,0.27522000670433044,TAMPERED,99.45,98.43
30,8.0,8.27,1,TAMPERED,100.0,0.2646700143814087,TAMPERED,99.45,98.43
31,8.27,8.53,1,TAMPERED,100.0,0.2182600051164627,TAMPERED,99.45,98.43
32,8.53,8.8,1,TAMPERED,100.0,0.3139300048351288,TAMPERED,99.45,98.43
33,8.8,9.07,1,TAMPERED,100.0,0.21296000480651855,TAMPERED,99.45,98.43
34,9.07,9.33,1,TAMPERED,100.0,0.18205000460147858,TAMPERED,99.45,98.43
35,9.33,9.6,1,TAMPERED,100.0,0.20946000516414642,TAMPERED,99.45,98.43
36,9.6,9.87,1,TAMPERED,95.64,0.2934199869632721,TAMPERED,99.45,98.43
37,9.87,10.13,1,TAMPERED,95.57,0.1443299949169159,TAMPERED,99.45,98.43
38,10.13,10.4,1,TAMPERED,96.44,0.12208999693393707,TAMPERED,99.45,98.43
39,10.4,10.67,1,TAMPERED,96.4,0.11507000029087067,TAMPERED,99.45,98.43
40,10.67,10.93,1,TAMPERED,96.09,0.07951000332832336,TAMPERED,99.45,98.43
41,10.93,11.2,1,TAMPERED,96.74,0.06250999867916107,TAMPERED,99.45,98.43
42,11.2,11.47,1,TAMPERED,96.74,0.06036999821662903,TAMPERED,99.45,98.43
43,11.47,11.73,1,TAMPERED,99.61,0.04933999851346016,TAMPERED,99.45,98.43
44,11.73,12.0,1,TAMPERED,100.0,0.04269000142812729,TAMPERED,99.45,98.43
45,12.0,12.27,1,TAMPERED,97.53,0.033879999071359634,TAMPERED,99.45,98.43
46,12.27,12.53,1,TAMPERED,97.94,0.032979998737573624,TAMPERED,99.45,98.43
47,12.53,12.8,1,TAMPERED,95.33,0.030880000442266464,TAMPERED,99.45,98.43
48,12.8,13.07,1,TAMPERED,95.57,24015.96875,TAMPERED,99.45,98.43
49,13.07,13.33,1,TAMPERED,93.31,2100732.75,TAMPERED,99.45,98.43
50,13.33,13.6,1,TAMPERED,80.03,1157502.625,TAMPERED,99.45,98.43
51,13.6,13.87,1,TAMPERED,100.0,1111470.375,TAMPERED,99.45,98.43
52,13.87,14.13,1,TAMPERED,100.0,1263516.0,TAMPERED,99.45,98.43
53,14.13,14.4,1,TAMPERED,100.0,1322418.375,TAMPERED,99.45,98.43
54,14.4,14.67,1,TAMPERED,100.0,1552307.375,TAMPERED,99.45,98.43
55,14.67,14.93,1,TAMPERED,100.0,1653237.375,TAMPERED,99.45,98.43
56,14.93,15.2,1,TAMPERED,100.0,1763463.125,TAMPERED,99.45,98.43
57,15.2,15.47,1,TAMPERED,100.0,1812666.25,TAMPERED,99.45,98.43
58,15.47,15.73,1,TAMPERED,99.4,1823030.375,TAMPERED,99.45,98.43
59,15.73,16.0,1,TAMPERED,100.0,1856735.75,TAMPERED,99.45,98.43
60,16.0,16.27,1,TAMPERED,99.32,1836650.875,TAMPERED,99.45,98.43
61,16.27,16.53,1,TAMPERED,99.35,1880375.0,TAMPERED,99.45,98.43
62,16.53,16.8,1,TAMPERED,99.31,1942960.0,TAMPERED,99.45,98.43
63,16.8,17.07,1,TAMPERED,99.67,2012115.125,TAMPERED,99.45,98.43
64,17.07,17.33,1,TAMPERED,100.0,1956552.5,TAMPERED,99.45,98.43
65,17.33,17.6,1,TAMPERED,100.0,1992973.5,TAMPERED,99.45,98.43
66,17.6,17.87,1,TAMPERED,100.0,1988201.375,TAMPERED,99.45,98.43
67,17.87,18.13,1,TAMPERED,99.67,1929822.25,TAMPERED,99.45,98.43
68,18.13,18.4,1,TAMPERED,99.18,1914451.5,TAMPERED,99.45,98.43
69,18.4,18.67,1,TAMPERED,96.01,2026839.125,TAMPERED,99.45,98.43
70,18.67,18.93,1,TAMPERED,87.13,2061057.125,TAMPERED,99.45,98.43
71,18.93,19.2,1,TAMPERED,99.3,2144308.0,TAMPERED,99.45,98.43
72,19.2,19.47,1,TAMPERED,100.0,2195422.25,TAMPERED,99.45,98.43
73,19.47,19.73,1,TAMPERED,100.0,2197920.25,TAMPERED,99.45,98.43
74,19.73,20.0,1,TAMPERED,100.0,2183227.25,TAMPERED,99.45,98.43
75,20.0,20.27,1,TAMPERED,100.0,2152094.25,TAMPERED,99.45,98.43
76,20.27,20.53,1,TAMPERED,100.0,2358939.5,TAMPERED,99.45,98.43
77,20.53,20.8,1,TAMPERED,98.89,2498479.25,TAMPERED,99.45,98.43
78,20.8,21.07,1,TAMPERED,99.72,2363112.0,TAMPERED,99.45,98.43
79,21.07,21.33,1,TAMPERED,95.56,2177604.25,TAMPERED,99.45,98.43
80,21.33,21.6,1,TAMPERED,100.0,1937766.0,TAMPERED,99.45,98.43
81,21.6,21.87,1,TAMPERED,100.0,1883570.5,TAMPERED,99.45,98.43
82,21.87,22.13,1,TAMPERED,95.57,2914248.5,TAMPERED,99.45,98.43
83,22.13,22.4,1,TAMPERED,95.87,2434593.75,TAMPERED,99.45,98.43
84,22.4,22.67,0,NORMAL,95.83,1537.9210205078125,TAMPERED,99.45,98.43
85,22.67,22.93,1,TAMPERED,96.33,2.9918899536132812,TAMPERED,99.45,98.43
86,22.93,23.2,1,TAMPERED,100.0,1.0469399690628052,TAMPERED,99.45,98.43
87,23.2,23.47,1,TAMPERED,95.57,0.3725300133228302,TAMPERED,99.45,98.43
88,23.47,23.73,1,TAMPERED,100.0,0.8895900249481201,TAMPERED,99.45,98.43
89,23.73,24.0,1,TAMPERED,100.0,0.41607001423835754,TAMPERED,99.45,98.43
90,24.0,24.27,1,TAMPERED,100.0,0.7539499998092651,TAMPERED,99.45,98.43
91,24.27,24.53,1,TAMPERED,98.16,0.4311099946498871,TAMPERED,99.45,98.43
92,24.53,24.8,1,TAMPERED,95.82,0.10758999735116959,TAMPERED,99.45,98.43
93,24.8,25.07,1,TAMPERED,98.74,0.09550999850034714,TAMPERED,99.45,98.43
94,25.07,25.33,1,TAMPERED,94.89,0.07553999871015549,TAMPERED,99.45,98.43
95,25.33,25.6,1,TAMPERED,99.28,0.06453999876976013,TAMPERED,99.45,98.43
96,25.6,25.87,1,TAMPERED,96.62,0.1648000031709671,TAMPERED,99.45,98.43
97,25.87,26.13,1,TAMPERED,95.56,0.2981500029563904,TAMPERED,99.45,98.43
98,26.13,26.4,1,TAMPERED,100.0,0.09765999764204025,TAMPERED,99.45,98.43
99,26.4,26.67,1,TAMPERED,100.0,0.06362000107765198,TAMPERED,99.45,98.43
100,26.67,26.93,1,TAMPERED,98.84,0.06883999705314636,TAMPERED,99.45,98.43
101,26.93,27.2,1,TAMPERED,99.59,0.06632000207901001,TAMPERED,99.45,98.43
102,27.2,27.47,1,TAMPERED,100.0,0.08383999764919281,TAMPERED,99.45,98.43
103,27.47,27.73,1,TAMPERED,100.0,0.09205999970436096,TAMPERED,99.45,98.43
104,27.73,28.0,1,TAMPERED,100.0,0.08399999886751175,TAMPERED,99.45,98.43
105,28.0,28.27,1,TAMPERED,100.0,0.08466000109910965,TAMPERED,99.45,98.43
106,28.27,28.53,1,TAMPERED,100.0,0.09289000183343887,TAMPERED,99.45,98.43
107,28.53,28.8,1,TAMPERED,95.57,0.10824000090360641,TAMPERED,99.45,98.43
108,28.8,29.07,1,TAMPERED,100.0,0.09457000344991684,TAMPERED,99.45,98.43
109,29.07,29.33,1,TAMPERED,100.0,0.08049000054597855,TAMPERED,99.45,98.43
110,29.33,29.6,1,TAMPERED,98.82,0.08060000091791153,TAMPERED,99.45,98.43
111,29.6,29.87,1,TAMPERED,96.5,0.08615999668836594,TAMPERED,99.45,98.43
112,29.87,30.13,1,TAMPERED,100.0,0.18796999752521515,TAMPERED,99.45,98.43
113,30.13,30.4,1,TAMPERED,100.0,0.18118999898433685,TAMPERED,99.45,98.43
114,30.4,30.67,1,TAMPERED,100.0,0.17107999324798584,TAMPERED,99.45,98.43
115,30.67,30.93,1,TAMPERED,100.0,0.17155000567436218,TAMPERED,99.45,98.43
116,30.93,31.2,1,TAMPERED,100.0,0.1503800004720688,TAMPERED,99.45,98.43
117,31.2,31.47,1,TAMPERED,95.56,0.14924000203609467,TAMPERED,99.45,98.43
118,31.47,31.73,1,TAMPERED,95.57,109223.5859375,TAMPERED,99.45,98.43
119,31.73,32.0,1,TAMPERED,98.25,1331348.125,TAMPERED,99.45,98.43
120,32.0,32.27,1,TAMPERED,100.0,1174520.875,TAMPERED,99.45,98.43
121,32.27,32.53,1,TAMPERED,100.0,1054767.75,TAMPERED,99.45,98.43
122,32.53,32.8,1,TAMPERED,100.0,1232448.25,TAMPERED,99.45,98.43
123,32.8,33.07,1,TAMPERED,100.0,1511144.375,TAMPERED,99.45,98.43
124,33.07,33.33,1,TAMPERED,100.0,1585249.125,TAMPERED,99.45,98.43
125,33.33,33.6,1,TAMPERED,100.0,1759637.125,TAMPERED,99.45,98.43
126,33.6,33.87,1,TAMPERED,97.13,2037270.25,TAMPERED,99.45,98.43
127,33.87,34.13,1,TAMPERED,98.48,2014295.375,TAMPERED,99.45,98.43
128,34.13,34.4,1,TAMPERED,98.26,2158385.25,TAMPERED,99.45,98.43
129,34.4,34.67,1,TAMPERED,96.76,2115143.25,TAMPERED,99.45,98.43
130,34.67,34.93,1,TAMPERED,95.57,2120755.5,TAMPERED,99.45,98.43
131,34.93,35.2,1,TAMPERED,100.0,2123011.0,TAMPERED,99.45,98.43
132,35.2,35.47,1,TAMPERED,100.0,2099682.75,TAMPERED,99.45,98.43
133,35.47,35.73,1,TAMPERED,100.0,2200953.25,TAMPERED,99.45,98.43
134,35.73,36.0,1,TAMPERED,100.0,2115896.5,TAMPERED,99.45,98.43
135,36.0,36.27,1,TAMPERED,100.0,2123342.25,TAMPERED,99.45,98.43
136,36.27,36.53,1,TAMPERED,100.0,1985069.875,TAMPERED,99.45,98.43
137,36.53,36.8,1,TAMPERED,100.0,1847039.75,TAMPERED,99.45,98.43
138,36.8,37.07,1,TAMPERED,100.0,1852909.5,TAMPERED,99.45,98.43
139,37.07,37.33,1,TAMPERED,100.0,1378745.0,TAMPERED,99.45,98.43
140,37.33,37.6,1,TAMPERED,97.08,799350.9375,TAMPERED,99.45,98.43
141,37.6,37.87,1,TAMPERED,95.56,563043.3125,TAMPERED,99.45,98.43
142,37.87,38.13,1,TAMPERED,94.27,568447.3125,TAMPERED,99.45,98.43
143,38.13,38.4,1,TAMPERED,100.0,638241.5625,TAMPERED,99.45,98.43
144,38.4,38.67,1,TAMPERED,70.91,1045542.6875,TAMPERED,99.45,98.43
145,38.67,38.93,1,TAMPERED,100.0,1212508.375,TAMPERED,99.45,98.43
146,38.93,39.2,1,TAMPERED,100.0,1294690.5,TAMPERED,99.45,98.43
147,39.2,39.47,1,TAMPERED,100.0,1057113.5,TAMPERED,99.45,98.43
148,39.47,39.73,1,TAMPERED,100.0,1034594.4375,TAMPERED,99.45,98.43
149,39.73,40.0,1,TAMPERED,100.0,1067039.5,TAMPERED,99.45,98.43
150,40.0,40.27,1,TAMPERED,100.0,1151645.75,TAMPERED,99.45,98.43
151,40.27,40.53,1,TAMPERED,100.0,1099523.0,TAMPERED,99.45,98.43
152,40.53,40.8,1,TAMPERED,100.0,1105281.375,TAMPERED,99.45,98.43
153,40.8,41.07,1,TAMPERED,100.0,1042898.5625,TAMPERED,99.45,98.43
154,41.07,41.33,1,TAMPERED,100.0,965378.125,TAMPERED,99.45,98.43
155,41.33,41.6,1,TAMPERED,100.0,1236618.5,TAMPERED,99.45,98.43
156,41.6,41.87,1,TAMPERED,99.06,1501205.75,TAMPERED,99.45,98.43
157,41.87,42.13,1,TAMPERED,100.0,1832307.25,TAMPERED,99.45,98.43
158,42.13,42.4,1,TAMPERED,100.0,2125570.75,TAMPERED,99.45,98.43
159,42.4,42.67,1,TAMPERED,100.0,2021549.5,TAMPERED,99.45,98.43
160,42.67,42.93,1,TAMPERED,100.0,1859251.125,TAMPERED,99.45,98.43
161,42.93,43.2,1,TAMPERED,100.0,1887852.5,TAMPERED,99.45,98.43
162,43.2,43.47,1,TAMPERED,98.74,2040770.25,TAMPERED,99.45,98.43
163,43.47,43.73,1,TAMPERED,100.0,2189173.5,TAMPERED,99.45,98.43
164,43.73,44.0,1,TAMPERED,100.0,2045432.25,TAMPERED,99.45,98.43
165,44.0,44.27,1,TAMPERED,100.0,1909670.875,TAMPERED,99.45,98.43
166,44.27,44.53,1,TAMPERED,100.0,2055840.125,TAMPERED,99.45,98.43
167,44.53,44.8,1,TAMPERED,100.0,2241925.5,TAMPERED,99.45,98.43
168,44.8,45.07,1,TAMPERED,96.5,2401972.25,TAMPERED,99.45,98.43
169,45.07,45.33,1,TAMPERED,95.87,394080.78125,TAMPERED,99.45,98.43
170,45.33,45.6,1,TAMPERED,96.49,452.7286682128906,TAMPERED,99.45,98.43
171,45.6,45.87,1,TAMPERED,100.0,3.9035398960113525,TAMPERED,99.45,98.43
172,45.87,46.13,1,TAMPERED,95.56,0.3539400100708008,TAMPERED,99.45,98.43
173,46.13,46.4,1,TAMPERED,100.0,0.3551900088787079,TAMPERED,99.45,98.43
174,46.4,46.67,1,TAMPERED,100.0,1.3390100002288818,TAMPERED,99.45,98.43
175,46.67,46.93,1,TAMPERED,100.0,1.0704100131988525,TAMPERED,99.45,98.43
176,46.93,47.2,1,TAMPERED,100.0,2.3898301124572754,TAMPERED,99.45,98.43
177,47.2,47.47,1,TAMPERED,100.0,1.232200026512146,TAMPERED,99.45,98.43
178,47.47,47.73,1,TAMPERED,79.47,1.2058900594711304,TAMPERED,99.45,98.43
179,47.73,48.0,1,TAMPERED,95.31,0.9670699834823608,TAMPERED,99.45,98.43
180,48.0,48.27,1,TAMPERED,100.0,1.0518200397491455,TAMPERED,99.45,98.43
